{"cameraMode":{"drawMode":0,"name":"Shaded","section":"Shading Mode"},"sceneLighting":true,"audioPlay":false,"sceneViewState":{"m_AlwaysRefresh":false,"showFog":true,"showSkybox":true,"showFlares":true,"showImageEffects":true,"showParticleSystems":true,"showVisualEffectGraphs":true,"m_FxEnabled":true},"in2DMode":false,"pivot":{"x":-1.7444170713424683,"y":1.3029999732971192,"z":-0.23099659383296967},"rotation":{"x":-0.007059430703520775,"y":0.9922142624855042,"z":-0.1048777773976326,"w":-0.0667765811085701},"size":0.866025447845459,"orthographic":false}